<?xml version = "1.0" encoding = "UTF-8"?>
<beans xmlns="http://www.springframework.org/schema/beans"
	xmlns:xsi="http://www.w3.org/2001/XMLSchema-instance" xmlns:aop="http://www.springframework.org/schema/aop"
	xsi:schemaLocation="http://www.springframework.org/schema/beans
   http://www.springframework.org/schema/beans/spring-beans-3.0.xsd 
   http://www.springframework.org/schema/aop 
   http://www.springframework.org/schema/aop/spring-aop-3.0.xsd ">

	<bean id="student" class="com.srikanth.fullstackjava.Student" scope="prototype"></bean>

	<aop:aspectj-autoproxy />
	<bean id="LoggingAspect" class="com.srikanth.fullstackjava.LoggingAspect"></bean>

	<bean id="dataSource"
		class="org.springframework.jdbc.datasource.DriverManagerDataSource">
		<property name="driverClassName" value="com.mysql.jdbc.Driver" />
		<property name="url" value="jdbc:mysql://localhost:3306/fullstackjava" />
		<property name="username" value="root" />
		<property name="password" value="root" />
	</bean>

	<bean id="jdbcTemplate" class="org.springframework.jdbc.core.JdbcTemplate">
        <constructor-arg ref="dataSource" />
    </bean>
    
    <bean id="studentDao" class="com.srikanth.fullstackjava.StudentDao">
        <property name="jdbcTemplate" ref="jdbcTemplate" />
    </bean>

</beans>

